Time (minutes),Group,1.413248,8.029409,14.620325,21.303368,27.87647,34.466358,41.107521,47.699044,54.276483,60.925783,67.509818,74.089121
B cell HF 010,B cell HF,5.874303,5.604285,5.342845,4.357883,5.541929,6.165468,10.769585,10.694686,10.871495,6.677042,7.542431,7.201583
B cell HF 010,B cell HF,6.969056,6.442794,6.081051,5.136133,6.546033,6.916194,10.537702,10.74928,10.454318,6.831753,7.315611,7.168182
B cell HF 010,B cell HF,7.676725,7.150002,6.680417,5.034397,6.799732,7.437819,12.138442,11.699427,12.15838,7.700104,8.005525,7.769876
B cell HF 010,B cell HF,8.638697,7.994267,7.629323,6.171677,7.4487,7.735954,13.3405,12.453093,12.286033,8.200596,8.426214,8.181559
B cell HF 010,B cell HF,8.051233,7.568512,7.190429,5.310756,6.906499,7.34701,12.947739,12.636191,12.632838,8.031172,8.027576,8.057201
B cell HF 011,B cell HF,8.140874,7.611454,7.287746,5.306836,7.25761,7.662084,12.875568,12.369005,12.490222,8.065959,8.570187,8.125981
B cell HF 011,B cell HF,7.698856,7.158086,6.758947,5.538206,6.800909,7.386692,12.471939,11.966128,11.665247,7.721564,8.336981,8.032861
B cell HF 011,B cell HF,8.33131,7.221127,6.812399,5.602988,7.032689,7.333315,13.581019,13.135637,13.032417,7.709621,8.334929,8.312592
B cell HF 011,B cell HF,8.692059,7.640514,7.38334,5.417712,7.103824,7.839146,13.625576,13.137699,13.192177,8.284839,8.800062,8.604657
B cell HF 011,B cell HF,7.297591,7.033671,6.803768,4.759404,6.572941,7.132878,12.846114,12.537991,12.350893,7.518092,7.996888,8.027003
B cell HF 012,B cell HF,8.834956,8.162566,7.728885,5.858157,7.428366,8.27866,13.431048,13.118699,13.325901,8.756489,9.176175,8.956542
B cell HF 012,B cell HF,8.222109,7.706448,7.350382,6.101113,7.577864,8.207204,13.723463,13.060724,12.903809,9.186039,9.456362,9.298708
B cell HF 012,B cell HF,7.878187,7.597242,7.01254,5.594343,6.971335,7.509295,12.135387,11.524352,11.578428,8.288807,8.533766,8.401101
B cell HF 012,B cell HF,9.341435,8.612575,8.436774,6.507618,8.796394,8.99737,14.57363,13.806021,14.070529,9.508243,9.67226,9.566194
B cell HF 012,B cell HF,8.998142,7.955928,7.526225,6.151526,7.849722,8.217764,14.794247,14.177327,14.222882,9.091875,9.479733,9.741419
B cell HF 1,B cell HF,5.524501,5.429731,5.425621,4.380424,5.572068,6.005803,11.638168,11.279905,11.609094,6.561711,6.622368,6.672115
B cell HF 1,B cell HF,5.350254,4.816615,4.839173,4.010326,4.865713,5.28542,10.794783,10.628168,11.022778,6.195229,6.264921,6.044591
B cell HF 1,B cell HF,6.256291,5.823173,5.823343,4.40569,5.557476,6.03639,12.843332,12.653034,13.034062,7.354444,7.708129,7.63891
B cell HF 1,B cell HF,5.424964,5.255675,5.020015,4.029644,5.168672,5.23194,11.514245,11.641722,11.7229,6.429442,6.520592,6.666519
B cell HF 1,B cell HF,4.059815,4.041541,3.992575,3.057634,4.120529,4.586632,8.24029,8.01159,8.272361,4.855575,5.208894,5.278261
B cell HF 2,B cell HF,6.662291,6.071958,6.133761,4.645315,6.531144,7.098317,14.70646,14.569017,14.673893,8.127177,8.69129,8.913703
B cell HF 2,B cell HF,7.588339,6.723837,6.824477,5.451576,7.360584,8.020533,15.297129,15.402293,15.313256,8.840217,9.090321,9.394447
B cell HF 2,B cell HF,6.249013,6.025408,5.957819,4.968883,6.669149,7.423873,14.488762,14.220329,14.489827,8.014347,8.408433,8.367713
B cell HF 2,B cell HF,8.298491,7.455368,7.148931,5.634804,7.792452,8.359562,15.81646,16.061664,15.891583,9.457771,10.495974,10.219137
B cell HF 2,B cell HF,7.984045,7.552412,7.683401,6.09687,7.893912,8.846488,15.703699,15.215535,15.356813,9.281863,9.761921,10.098761
B cell HF 2,B cell HF,7.965045,7.702536,7.599428,6.337197,8.236769,9.494111,15.8274,15.555091,15.47981,9.582565,10.117049,10.453629
B cell HF 3,B cell HF,6.331457,5.858256,5.676225,4.719929,5.999497,6.440532,12.496532,12.180074,12.174523,7.255788,7.52873,7.742481
B cell HF 3,B cell HF,6.415541,5.768775,6.057146,4.979283,6.148813,6.477867,13.344072,13.443453,13.038507,7.18652,7.506884,7.613585
B cell HF 3,B cell HF,6.750894,6.476317,6.191705,5.546095,6.158221,7.042695,13.468846,13.307788,13.111408,7.295804,7.604814,7.612219
B cell HF 3,B cell HF,7.219668,6.580177,6.777528,5.407296,6.862083,7.155501,13.474073,13.304593,13.339923,7.320888,7.688313,7.674252
B cell HF 3,B cell HF,6.008632,6.147142,5.875466,4.630494,6.115877,6.982999,12.319663,12.108935,12.363752,7.321021,8.263585,7.756563
B cell HF 4,B cell HF,9.10604,8.771235,8.550913,7.150791,8.588222,9.545574,21.2043,21.197676,21.048014,11.824827,12.388646,12.450795
B cell HF 4,B cell HF,8.747768,8.207752,7.914744,6.838084,8.232971,8.898805,20.234656,20.358907,20.5766,11.093042,11.580612,11.715586
B cell HF 4,B cell HF,9.659911,9.714437,9.523029,7.626809,8.936737,9.972734,20.785455,20.894228,21.264323,11.608184,12.151887,12.16575
B cell HF 4,B cell HF,10.115521,9.528154,9.08513,6.871249,8.245388,9.068417,20.965418,20.787298,20.855669,11.208601,11.819966,11.619126
B cell HF 4,B cell HF,9.370619,8.93837,8.599286,7.111489,8.940293,9.936307,19.055976,18.564783,18.489008,11.532695,12.195876,12.565565
B cell HF 5,B cell HF,9.91653,9.858464,9.775806,7.688304,9.62033,10.987107,24.405049,24.144453,24.626865,15.198921,16.207708,16.295035
B cell HF 5,B cell HF,12.191033,11.316498,11.057611,8.731484,10.482406,11.673032,27.236479,27.203819,27.571137,15.422592,16.582682,16.733817
B cell HF 5,B cell HF,13.274281,12.046147,11.7561,9.147597,11.011899,12.381117,28.879777,28.974183,28.931942,16.350974,17.522993,17.830541
B cell HF 5,B cell HF,11.539762,10.750958,10.367335,8.3795,10.253984,11.275202,27.756704,27.559044,27.83179,15.232514,16.276897,16.426208
B cell HF 6,B cell HF,14.277557,13.470117,13.057221,10.394595,12.413225,14.666516,35.355691,35.342841,35.620956,22.128647,23.663377,23.897871
B cell HF 6,B cell HF,12.508107,11.194654,10.728051,8.45424,10.322993,11.576762,27.124013,27.112724,27.413202,15.64991,16.563451,16.972432
B cell HF 7,B cell HF,8.975323,8.457931,8.15398,5.591688,NaN,6.573171,22.920502,22.849767,22.935871,13.127148,13.987769,13.864465
B cell HF 7,B cell HF,9.271475,8.914656,8.422286,6.068031,7.532643,8.590382,19.871378,19.659114,19.133836,11.100547,12.340799,12.342449
B cell HF 8,B cell HF,11.162091,10.289692,9.814436,6.899471,8.937411,10.187886,23.543429,23.095918,23.844314,14.457901,14.876288,14.695378
B cell HF 8,B cell HF,11.444091,10.78816,10.298237,6.967854,8.980246,10.071702,22.445276,22.552459,22.547157,13.335331,13.971864,13.984998
B cell HF 8,B cell HF,11.923911,10.985767,10.607704,7.737277,9.056484,10.46521,23.734271,23.704658,23.572469,13.806781,14.446353,14.729922
B cell HF 8,B cell HF,10.919707,10.305246,10.262544,9.847292,9.791149,11.422471,28.409594,28.635141,28.621132,16.6635,17.127504,17.416262
B cell HF 9,B cell HF,8.522636,8.034859,7.574026,5.513758,7.511977,8.243635,14.3723,13.983961,13.937915,8.999137,9.534931,9.448287
B cell HF 9,B cell HF,8.687064,7.972172,7.567637,5.883349,7.668784,8.122707,14.602355,14.026163,14.256769,9.372169,9.681889,9.459847
B cell HF 9,B cell HF,8.383286,7.525756,7.204709,5.807364,7.501995,7.718077,14.069976,13.558418,13.526723,8.190126,9.057695,8.813692
B cell HF 9,B cell HF,7.612404,7.131094,6.834305,4.910676,6.721312,7.298918,13.528669,12.993041,13.126036,8.188982,8.744299,8.565608
B cell Lean 010,B cell Lean,7.525958,6.482951,6.168794,4.819538,6.01181,6.39523,11.849754,11.594632,11.545922,6.653541,7.234648,7.006983
B cell Lean 010,B cell Lean,8.537279,7.42245,7.173987,5.428214,7.11779,7.478147,13.683656,13.333553,13.617978,7.830837,8.51844,8.322449
B cell Lean 010,B cell Lean,8.550256,7.481315,7.360575,5.607495,6.972569,7.334921,14.713149,14.072772,13.978654,8.223566,8.684127,8.616758
B cell Lean 010,B cell Lean,8.001919,7.337706,7.158325,5.270408,6.736056,6.904594,13.575312,13.165565,13.178838,7.685693,8.033615,7.966174
B cell Lean 1,B cell Lean,5.929484,5.703475,5.418974,4.339365,5.728081,6.558929,13.572037,13.226889,13.157754,7.598485,7.984222,8.133078
B cell Lean 1,B cell Lean,4.126805,4.227824,4.01902,3.454984,5.208548,5.801577,12.223398,12.155475,12.441495,6.823066,7.056983,7.033751
B cell Lean 1,B cell Lean,6.086647,5.972923,5.870097,4.581478,5.978663,6.543369,13.302316,12.872874,13.13731,7.038804,7.487282,7.52152
B cell Lean 1,B cell Lean,6.522696,6.296427,5.912163,4.765665,6.118816,6.683656,13.938536,13.306034,13.568634,7.815329,7.667019,7.944978
B cell Lean 2,B cell Lean,7.764256,7.367892,7.281206,5.752801,6.840546,7.662152,15.591887,15.249612,15.104306,8.475834,8.838509,8.946862
B cell Lean 2,B cell Lean,6.363926,5.685427,5.978249,4.734168,6.150784,6.906835,13.77853,13.500476,13.577866,7.448455,7.622221,7.874589
B cell Lean 2,B cell Lean,7.011357,6.693293,6.489379,5.177901,6.301046,6.840654,13.451009,12.592837,12.445577,7.176838,7.17239,7.650038
B cell Lean 2,B cell Lean,6.788018,6.170531,6.130635,4.685178,6.164872,6.741819,12.723602,12.880292,12.649546,7.125463,7.514487,7.518014
B cell Lean 3,B cell Lean,6.599579,6.128056,6.31888,4.840063,6.576161,7.2044,14.186199,14.08185,13.67862,8.037386,8.484564,8.359178
B cell Lean 3,B cell Lean,4.686359,4.800292,4.826603,3.82071,5.242913,5.653423,11.648632,12.35175,12.281991,6.728882,6.766159,6.855049
B cell Lean 3,B cell Lean,6.176662,5.690973,5.359609,4.58866,6.035462,6.634899,11.671126,11.653324,11.76139,6.93606,7.147984,7.295239
B cell Lean 3,B cell Lean,5.566955,5.181321,4.929651,3.637505,5.109126,5.833393,12.295518,12.256042,12.390326,6.710631,7.319872,7.161928
B cell Lean 5,B cell Lean,8.654705,8.370351,8.24167,6.289799,7.770721,8.690698,18.802342,18.182127,17.987101,9.81043,10.548197,10.694298
B cell Lean 5,B cell Lean,7.089197,7.058659,7.018901,5.500803,6.862371,7.752065,17.032776,16.53409,16.530932,8.513498,9.084907,9.051434
B cell Lean 6,B cell Lean,7.358957,7.507375,6.906103,4.476095,6.641921,7.540032,17.475641,16.958682,17.415104,9.07192,9.770149,10.203026
B cell Lean 6,B cell Lean,8.046795,7.668666,7.660604,4.759373,7.330916,8.50786,23.268994,22.601767,22.422534,11.409959,12.492081,12.945917
B cell Lean 6,B cell Lean,6.436474,6.930018,6.659873,4.034657,6.375762,6.955888,17.563201,16.892231,17.092942,8.724946,9.628827,9.845602
B cell Lean 7,B cell Lean,7.579018,6.993024,6.827319,4.21862,6.590386,7.476164,17.757696,17.569051,18.109602,9.34963,10.062803,10.456129
B cell Lean 7,B cell Lean,11.044237,10.280948,10.058417,10.551827,9.959467,10.029638,16.997015,18.805297,19.839875,9.746069,10.194575,10.266012
B cell Lean 7,B cell Lean,11.547306,10.88505,10.460155,7.13599,8.881526,9.654484,22.05947,21.570611,21.591174,11.113011,11.844651,12.033013
B cell Lean 7,B cell Lean,9.894579,9.651244,9.056085,6.692827,7.928803,8.849889,21.755472,21.540312,21.501215,10.800954,11.225738,11.366561
B cell Lean 7,B cell Lean,7.588372,7.608904,7.328767,4.810348,7.36798,8.073048,19.879332,18.98809,19.433013,9.9364,10.964642,11.353709
B cell Lean 8,B cell Lean,8.177381,7.491566,7.241516,5.756629,7.496961,7.943694,14.030535,13.819177,13.784237,8.882164,9.482987,9.317485
B cell Lean 8,B cell Lean,7.194918,6.548091,6.399083,5.297604,7.258461,7.992557,14.058562,13.535267,13.524914,9.102336,9.316214,9.19911
B cell Lean 8,B cell Lean,8.212596,8.102224,7.621555,6.194328,8.006902,8.738609,15.344002,14.919525,14.638197,9.252674,9.803062,9.826981
B cell Lean 8,B cell Lean,10.064771,8.892451,8.499348,6.733276,8.521662,9.018782,17.783988,16.82187,16.926896,10.791121,11.041198,11.325741
B cell Lean 9,B cell Lean,7.859538,7.882351,7.323813,5.517224,7.262554,8.053163,13.627111,13.205331,13.219873,8.508913,8.82535,9.103845
B cell Lean 9,B cell Lean,7.848838,7.687947,7.154162,5.371501,6.904041,7.764428,13.906063,13.56692,13.355061,8.304189,8.823264,8.779558
B cell Lean 9,B cell Lean,7.674488,7.381311,6.771615,5.119969,6.558799,7.236883,12.779946,12.086589,12.385863,7.655073,8.274348,8.255237
B cell Lean 9,B cell Lean,7.159101,7.110513,6.811596,5.182333,6.720855,7.541589,12.831171,12.560342,12.335867,8.089697,8.546611,8.259723
B cell Lean 9,B cell Lean,7.674172,7.404684,7.154867,5.465584,6.999399,7.471196,13.300905,12.69063,12.574548,8.117801,8.300554,8.396155
CD4 HF 010,CD4 HF,12.199067,11.983319,11.828715,11.339858,10.988087,11.087445,22.499651,21.031164,20.428234,13.482498,13.094856,12.977113
CD4 HF 010,CD4 HF,17.28462,15.922098,15.84387,17.65412,16.918413,17.084437,43.417376,39.92457,38.905899,20.969089,20.191223,19.82116
CD4 HF 010,CD4 HF,12.340275,11.332069,11.074223,11.73695,11.238888,11.330025,29.085646,26.474094,25.912332,14.19469,13.238735,13.236436
CD4 HF 011,CD4 HF,15.915609,15.035467,14.630865,15.475809,15.127752,15.243343,34.437385,31.589016,30.422662,20.300871,19.5541,19.382507
CD4 HF 011,CD4 HF,18.570344,17.725547,17.432689,18.272566,17.813543,17.989871,41.393211,37.692591,36.593371,21.499373,20.832896,20.514198
CD4 HF 011,CD4 HF,13.538152,13.186494,12.913561,12.910093,12.768354,13.005727,28.082836,26.325224,25.883171,15.647412,15.332688,15.264078
CD4 HF 011,CD4 HF,12.006264,11.333348,11.209713,10.968277,10.902081,11.504736,23.208043,22.01281,22.12255,13.647162,13.550515,13.698527
CD4 HF 011,CD4 HF,16.905354,16.117255,15.989504,15.942645,15.28335,15.830922,30.540425,28.947587,28.17456,17.305113,16.756485,16.948592
CD4 HF 012,CD4 HF,20.325681,19.642092,19.139464,19.575559,19.010428,19.548417,42.577793,40.396084,39.05224,22.735615,22.035149,22.339484
CD4 HF 012,CD4 HF,20.703448,19.295882,19.281077,20.799259,19.989955,20.247043,45.463887,43.704998,41.40419,21.669393,20.322193,20.723731
CD4 HF 012,CD4 HF,17.395276,16.915155,16.524183,16.41562,16.259104,16.423207,34.059543,32.767028,31.504935,17.739679,16.980637,16.635792
CD4 HF 012,CD4 HF,12.996145,12.520878,12.135028,12.147422,11.773894,12.663681,24.698132,23.186642,22.991154,13.614591,13.073018,13.539954
CD4 HF 012,CD4 HF,14.898928,14.460758,14.491612,15.443022,15.001902,15.406445,34.963628,31.965072,31.443664,18.253976,17.285019,16.950494
CD4 HF 2,CD4 HF,6.545506,5.983369,6.067377,5.953096,5.709659,5.716742,15.852096,15.235804,14.728234,7.780776,6.974547,6.894425
CD4 HF 2,CD4 HF,6.184045,5.637174,5.42862,6.726288,6.338255,6.038931,16.212067,15.51179,15.520418,8.33094,7.926306,7.642039
CD4 HF 2,CD4 HF,6.35813,5.959979,5.979361,5.824731,5.881061,5.782468,16.070435,15.17861,15.099172,8.406651,7.741538,7.818078
CD4 HF 2,CD4 HF,7.139163,6.919617,6.509927,8.215445,7.95519,7.800334,20.646571,20.22263,19.969825,12.139333,11.673238,10.947944
CD4 HF 2,CD4 HF,7.226154,7.199562,6.89225,7.178766,6.981739,7.19292,15.222327,14.532808,14.595747,7.72327,7.781963,8.212405
CD4 HF 2,CD4 HF,5.043663,4.930764,4.892358,5.303957,5.243484,5.424776,11.103142,10.749265,10.767746,6.586088,6.52965,6.639756
CD4 HF 3,CD4 HF,10.64569,9.718739,9.501865,9.954529,9.805428,9.601599,23.859509,23.040222,22.518563,13.715059,13.293312,12.810906
CD4 HF 3,CD4 HF,12.144123,11.563603,11.179636,11.357634,10.713938,10.961656,27.193067,26.671677,26.23636,14.575031,14.267554,13.808028
CD4 HF 3,CD4 HF,11.533262,10.343142,10.457827,10.95569,10.703012,10.550915,25.475861,25.007755,24.594011,13.266743,12.949084,12.682942
CD4 HF 3,CD4 HF,10.376,9.318582,9.296517,9.950386,9.27272,9.37358,24.207111,23.395859,22.88558,12.171183,11.975769,11.777674
CD4 HF 3,CD4 HF,10.406548,10.025796,9.885465,9.885094,9.770458,10.068456,25.719103,24.547441,24.308339,12.825545,12.52844,12.666105
CD4 HF 4,CD4 HF,5.03614,4.943481,4.759626,5.013538,5.2503,5.022096,10.276681,9.89139,9.597797,6.219429,5.984288,5.838118
CD4 HF 4,CD4 HF,6.794112,6.04014,6.168536,6.166019,5.940369,5.941173,12.078903,11.66783,11.461761,6.929449,6.586418,6.685542
CD4 HF 4,CD4 HF,4.394209,4.214578,4.10654,4.620932,4.501333,4.449258,9.515082,9.452836,9.332032,5.886135,5.599465,5.211175
CD4 HF 4,CD4 HF,6.845453,6.705089,6.722677,6.824527,6.754084,6.966681,15.263288,14.569122,14.147784,8.069634,7.700498,7.776058
CD4 HF 4,CD4 HF,6.401526,6.408142,6.120549,5.677041,5.6315,5.863128,10.028735,9.919746,9.829096,5.95751,6.11033,6.363787
CD4 HF 4,CD4 HF,4.501833,4.4751,4.20728,3.884097,3.890061,3.897787,6.573605,6.353093,6.472704,3.905309,4.086195,4.1375
CD4 HF 5,CD4 HF,8.640862,7.684256,7.504203,8.202341,7.602999,7.70079,15.386615,14.564435,14.71011,8.834431,8.231139,8.193133
CD4 HF 5,CD4 HF,9.854239,9.150206,8.863197,9.755407,9.024924,9.446303,19.155628,18.078436,17.731368,9.964571,10.048696,9.820148
CD4 HF 5,CD4 HF,7.254195,6.66079,7.102907,7.510076,7.232553,6.868809,15.888834,14.927318,14.693059,8.077234,8.303716,7.750422
CD4 HF 5,CD4 HF,8.114195,7.57241,7.385512,7.651018,7.170164,7.126441,14.594438,13.934118,13.798362,8.389387,8.307358,8.233008
CD4 HF 5,CD4 HF,9.917937,9.807049,9.141443,9.951896,9.272887,9.146538,18.853634,17.260894,16.296274,10.962896,10.632734,10.137799
CD4 HF 6,CD4 HF,9.753922,9.164733,9.05644,8.790052,8.728346,8.826575,19.69647,19.543223,19.006022,10.178238,9.95533,9.945151
CD4 HF 6,CD4 HF,8.394573,7.798618,7.82811,7.549444,7.305066,7.733887,15.710158,15.590144,15.458144,8.389549,8.020366,8.187464
CD4 HF 6,CD4 HF,9.232742,8.76071,8.25665,8.190782,8.038008,7.631522,19.033099,18.444754,18.063805,9.447956,9.071729,8.86653
CD4 HF 6,CD4 HF,10.061686,9.538222,9.082559,9.076619,8.764818,8.856942,20.746756,20.318179,19.972706,10.448454,10.273555,9.828522
CD4 HF 6,CD4 HF,10.616302,10.644094,10.193577,10.783185,10.16865,9.830748,22.724094,22.80193,22.352824,11.204886,11.154967,10.499174
CD4 HF 7,CD4 HF,12.038745,11.663014,11.398899,11.201459,10.91354,11.169616,27.473845,26.254546,25.432024,13.131663,13.133652,12.360318
CD4 HF 7,CD4 HF,7.811792,7.693626,7.429328,7.01689,7.125361,7.107025,14.885717,13.953187,13.752028,8.124107,7.808503,7.399324
CD4 HF 7,CD4 HF,8.587744,8.150322,7.906486,7.390706,7.43721,7.362345,16.215495,15.722823,15.411282,9.115776,8.946679,8.924324
CD4 HF 7,CD4 HF,8.846059,8.313428,8.037781,8.288811,8.08416,8.482617,18.625887,17.555368,17.259318,9.85054,9.335858,9.511758
CD4 HF 7,CD4 HF,10.617912,10.666353,10.662269,10.775521,10.549106,10.31686,23.693227,22.841518,22.449737,11.904223,11.448138,11.5093
CD4 HF 7,CD4 HF,8.331483,7.872966,7.864939,7.736489,7.457454,7.526312,13.937882,14.125355,13.992796,7.821221,7.482917,7.117402
CD4 HF 8,CD4 HF,12.267863,11.696491,11.667017,12.598298,11.887814,11.695783,26.093208,24.708465,23.585555,13.553138,12.949586,12.97981
CD4 HF 8,CD4 HF,9.810082,9.493567,9.296595,9.829679,9.174065,9.354132,19.910457,19.1657,18.612425,10.393613,10.012751,9.834089
CD4 HF 8,CD4 HF,11.579471,10.754674,10.541067,10.931977,10.389762,10.42323,22.62571,21.635824,21.114786,12.418431,12.109308,11.658204
CD4 HF 8,CD4 HF,10.334902,9.75221,9.324141,9.129528,8.748508,9.060384,18.310017,17.838642,17.392827,10.371217,9.840573,9.287465
CD4 HF 8,CD4 HF,8.271124,8.050862,8.072253,8.305483,8.023706,8.107599,17.22563,16.731624,16.543208,9.44217,9.055548,9.518569
CD4 HF 8,CD4 HF,7.918524,7.673808,7.610929,7.506885,7.388633,7.462177,13.469041,13.41284,13.337621,8.431623,8.233298,8.349503
CD4 HF 9,CD4 HF,14.036195,12.98434,13.017048,13.428512,13.356688,13.481204,27.21042,24.209266,23.085521,14.66071,14.440701,13.99387
CD4 HF 9,CD4 HF,15.023565,14.092583,13.887918,14.695082,14.200528,14.369959,29.105382,25.818925,24.601033,16.850905,15.81609,15.777699
CD4 HF 9,CD4 HF,11.315202,10.440056,9.967028,11.8937,11.474226,11.505684,25.901886,23.018484,21.931791,13.927021,13.255665,12.669349
CD4 HF 9,CD4 HF,14.956794,14.130179,14.334771,14.874281,14.632094,14.829741,27.446781,25.15353,24.237758,17.099092,16.449063,16.385657
CD4 Lean 010,CD4 Lean,9.115278,8.937385,8.90431,10.306601,10.174946,10.044329,23.648021,21.991411,21.62024,13.893296,13.051196,12.995095
CD4 Lean 010,CD4 Lean,11.844372,10.592064,10.603185,12.005754,11.26788,10.837848,28.391233,26.694375,26.165596,13.824587,14.003453,13.757666
CD4 Lean 010,CD4 Lean,6.400695,5.780005,5.684677,7.275161,6.874756,6.649654,15.527034,15.016779,14.821863,9.792576,9.290855,8.878135
CD4 Lean 010,CD4 Lean,9.671824,9.240679,9.111023,9.032437,8.988074,9.176918,15.816798,15.117302,14.926013,10.98549,10.913087,10.89503
CD4 Lean 1,CD4 Lean,5.58805,5.105473,5.16018,6.25176,5.990842,5.894287,15.423967,14.909578,14.547297,8.284031,7.872745,8.030258
CD4 Lean 1,CD4 Lean,7.399808,7.366513,7.351517,8.233186,7.940382,8.234974,22.401938,21.21954,20.682191,10.233347,10.339592,10.130379
CD4 Lean 1,CD4 Lean,6.621609,6.53539,6.382099,6.84953,6.820868,7.077779,17.016149,16.128414,16.082746,9.21664,9.090289,8.834285
CD4 Lean 1,CD4 Lean,8.623592,8.777934,8.649383,8.835672,8.243562,8.173379,22.881186,22.321135,22.169532,10.915547,10.74852,10.699495
CD4 Lean 2,CD4 Lean,8.416012,8.100213,7.962616,8.2669,8.120631,8.230276,22.954306,22.219601,21.812999,10.616088,10.351389,10.430103
CD4 Lean 2,CD4 Lean,7.258794,7.070572,7.098782,7.177241,7.190722,7.497376,19.89031,19.13789,19.057214,9.978452,9.475181,9.468752
CD4 Lean 2,CD4 Lean,8.946505,8.836746,8.587906,8.492966,8.473648,8.613956,22.411435,21.960967,21.101075,11.316882,10.628573,11.072891
CD4 Lean 2,CD4 Lean,6.590182,6.215842,6.17836,6.723053,6.437133,6.756935,16.976722,16.262394,15.92224,8.993246,8.566734,8.552936
CD4 Lean 3,CD4 Lean,5.33598,4.807896,4.753768,5.603874,5.428134,5.334297,15.108141,14.923985,14.944139,8.681912,8.65924,8.570007
CD4 Lean 3,CD4 Lean,8.282331,7.360738,7.072546,7.713174,7.276636,7.554879,19.89713,19.514608,19.45036,11.263696,11.11491,11.002185
CD4 Lean 3,CD4 Lean,7.863373,7.099894,7.315602,7.636504,7.593534,7.579476,20.160212,20.221135,20.047326,11.014192,10.5913,10.358738
CD4 Lean 3,CD4 Lean,6.693272,5.702905,5.961973,6.612731,6.310633,6.5782,18.76321,18.408775,18.297284,8.754897,8.92736,8.451499
CD4 Lean 5,CD4 Lean,15.378278,14.858772,14.449443,14.027467,14.079066,14.400422,28.081556,26.980049,26.346363,15.135301,14.80019,14.194935
CD4 Lean 5,CD4 Lean,13.088291,12.27483,11.764529,11.800352,11.476799,11.984625,23.527991,22.677258,22.181485,12.589707,12.580294,12.144614
CD4 Lean 5,CD4 Lean,11.614983,11.162605,10.379894,10.705165,10.547211,10.751135,21.262088,20.269252,19.483372,11.257739,11.239871,10.742276
CD4 Lean 5,CD4 Lean,8.577526,8.494585,8.387663,8.819554,8.624683,8.961433,17.885997,17.923543,17.914921,10.738602,10.004218,9.989572
CD4 Lean 6,CD4 Lean,9.749464,9.318971,9.347692,9.500742,9.367249,9.329811,21.369154,21.053876,20.414221,11.683931,11.13378,10.984346
CD4 Lean 6,CD4 Lean,8.211723,7.773207,7.3971,7.526373,7.635576,7.764027,17.214801,16.773798,16.378182,9.568368,9.342184,9.45439
CD4 Lean 6,CD4 Lean,8.11019,7.569403,7.199868,7.56365,7.628986,7.69734,16.566131,16.105375,16.147308,8.841021,9.166821,9.132767
CD4 Lean 6,CD4 Lean,8.331326,7.722807,7.840198,8.102197,7.823805,7.99129,17.120246,16.49409,16.471022,9.071171,8.891175,9.172571
CD4 Lean 7,CD4 Lean,7.196826,7.081872,6.76824,7.085404,6.995694,7.142171,14.856841,13.945219,13.571225,8.178114,7.954877,7.91611
CD4 Lean 7,CD4 Lean,6.823727,6.781689,6.103758,6.631918,6.418316,6.574402,12.911738,12.397765,12.396601,7.389646,7.208662,7.141438
CD4 Lean 7,CD4 Lean,5.855589,5.335769,5.43296,5.969466,5.894799,5.727625,14.10694,13.009978,13.198928,7.599948,7.019214,7.084901
CD4 Lean 7,CD4 Lean,5.371418,5.593155,5.844229,5.606193,5.309664,5.706096,11.789307,11.0721,10.781576,6.767137,6.512955,6.214863
CD4 Lean 8,CD4 Lean,13.31978,12.303163,11.733867,13.104211,12.877961,13.319927,28.122337,27.629211,27.005851,15.35522,14.74334,14.82025
CD4 Lean 8,CD4 Lean,12.460652,12.100105,12.146358,13.732063,13.322753,13.316177,33.592054,30.829706,29.797912,16.071827,16.433696,16.050013
CD4 Lean 8,CD4 Lean,12.131005,11.145589,10.969547,11.279875,11.206477,11.661077,24.692965,23.768111,23.329216,13.807694,13.805912,13.64117
CD4 Lean 9,CD4 Lean,11.857431,11.333255,11.027103,11.765167,11.693035,11.559772,24.627478,22.822235,22.221478,13.698101,13.205247,13.170295
CD4 Lean 9,CD4 Lean,10.736272,10.674831,10.292115,10.56376,10.381995,10.819426,23.685526,21.846809,21.363028,13.019811,12.261199,11.644866
CD4 Lean 9,CD4 Lean,12.005806,11.668525,11.560314,11.702629,11.609287,11.582149,25.40663,23.840552,23.066216,14.103558,13.744243,13.46102
CD4 Lean 9,CD4 Lean,18.643066,18.053616,17.613819,18.398507,18.046652,18.237369,37.030249,35.48469,35.128451,21.789717,20.868386,21.161858
CD8 HF 010,CD8 HF,14.087288,12.955428,12.707718,15.785755,14.776265,14.860637,47.368734,44.420841,44.23162,24.237541,24.410284,24.675155
CD8 HF 010,CD8 HF,10.065737,9.187316,8.848089,9.83921,9.693643,9.554231,20.846134,21.106689,20.905775,11.236522,10.958657,10.644615
CD8 HF 010,CD8 HF,15.355307,15.067439,15.315207,14.119934,13.179741,13.845591,39.650046,38.601232,38.977188,19.111999,20.133255,20.74598
CD8 HF 010,CD8 HF,10.672819,10.339594,9.810225,11.487776,10.496975,10.871645,31.300314,29.986142,30.460403,17.753116,18.060502,18.374412
CD8 HF 011,CD8 HF,17.627432,16.668055,16.685593,17.743423,16.761066,17.286078,53.92917,49.704055,47.36738,26.297214,26.151689,26.037219
CD8 HF 011,CD8 HF,14.056532,13.480228,13.195958,13.68086,13.025257,13.119954,39.768275,37.094796,36.748995,20.71486,21.603851,21.688709
CD8 HF 011,CD8 HF,18.239917,18.192613,17.966079,17.570017,16.673001,17.15591,51.768186,48.217564,47.235572,23.335305,23.371484,23.614352
CD8 HF 011,CD8 HF,13.542258,13.388154,13.514384,13.725177,13.053656,13.159539,40.935668,38.789552,38.644269,19.469773,19.744587,19.803155
CD8 HF 012,CD8 HF,8.318304,7.410367,7.100631,6.813301,7.037838,7.179884,19.621146,19.178778,19.132002,10.114,10.38847,10.429428
CD8 HF 012,CD8 HF,17.213963,16.400054,15.82873,15.972355,15.299918,15.565702,47.241656,45.930465,45.356803,20.053297,19.944627,19.783979
CD8 HF 012,CD8 HF,18.689508,17.846579,17.792452,17.902995,17.113456,17.605079,51.230663,47.303259,46.763661,24.858831,24.787308,24.889582
CD8 HF 012,CD8 HF,9.900732,9.554573,9.429518,8.982059,8.627684,8.81778,23.555813,22.568754,22.442643,13.735279,13.583161,13.609423
CD8 HF 012,CD8 HF,11.058021,10.860529,10.487954,10.139912,10.012508,10.563619,26.092427,25.273763,25.203164,14.536229,14.452046,14.569346
CD8 HF 012,CD8 HF,9.785915,9.713171,9.645683,8.742227,8.726755,8.857437,23.329929,22.762822,22.958936,12.316774,12.072999,12.154393
CD8 HF 1,CD8 HF,6.684799,6.602974,6.693794,6.389687,6.024936,6.297596,14.71247,13.876187,14.243305,10.13257,9.873881,9.901406
CD8 HF 1,CD8 HF,7.646937,7.650984,7.252824,6.890783,6.499526,6.753328,18.228801,17.425247,17.550775,9.149925,9.16486,9.23086
CD8 HF 1,CD8 HF,5.752162,5.303026,5.668352,4.824357,4.481969,4.8986,12.738697,12.175718,12.4063,7.77548,7.812507,7.777762
CD8 HF 1,CD8 HF,7.435076,6.349311,6.339841,6.608206,6.551454,6.686954,18.185017,17.692686,17.865208,10.09815,9.719257,10.134907
CD8 HF 2,CD8 HF,5.152214,4.756352,4.988793,4.266881,3.981191,3.959641,10.372186,9.660223,9.925588,6.698354,6.563839,6.367205
CD8 HF 2,CD8 HF,7.141431,6.782111,7.078273,6.64566,5.992269,6.296539,19.030348,18.148916,17.815574,8.58459,9.079247,9.331834
CD8 HF 2,CD8 HF,5.157624,4.94357,4.615482,3.810558,3.768571,3.958039,9.832782,9.209594,9.439341,5.42307,5.252795,5.66029
CD8 HF 2,CD8 HF,5.365136,5.140779,4.900367,4.507857,4.309707,4.145376,10.716585,10.323397,10.889953,5.895917,6.046258,6.04234
CD8 HF 2,CD8 HF,5.002811,5.15514,4.894297,4.653146,4.347517,4.561371,13.658729,12.578405,12.956594,7.014379,6.539572,6.508093
CD8 HF 3,CD8 HF,4.35338,4.327244,4.252386,4.417193,4.108734,4.303999,10.890123,10.439338,10.52642,7.139461,7.145674,6.988298
CD8 HF 3,CD8 HF,4.076542,4.418789,4.45898,4.90222,4.360825,4.619599,10.713028,10.452745,10.336476,6.773256,6.335877,6.837029
CD8 HF 3,CD8 HF,6.78206,6.311738,6.432797,5.671564,5.410839,5.43658,17.46764,16.373416,16.559792,8.999496,8.664888,8.758691
CD8 HF 3,CD8 HF,4.513144,4.260916,4.450815,4.169643,3.973481,4.075919,12.333439,12.013774,12.13163,6.682555,6.67345,7.097254
CD8 HF 3,CD8 HF,6.6855,5.925362,5.923586,5.956919,5.451306,5.886227,16.880964,16.264686,16.532651,8.726926,8.748604,8.697621
CD8 HF 5,CD8 HF,8.32673,7.481728,7.268591,7.749818,7.450079,7.715928,21.749768,20.63362,20.592783,10.793246,11.147018,11.26174
CD8 HF 5,CD8 HF,10.079127,9.164024,8.851279,8.707904,8.585772,8.689338,21.948655,20.974128,21.196373,11.992531,11.796446,11.524826
CD8 HF 5,CD8 HF,8.069045,7.337256,7.230105,7.834827,7.19009,7.481486,22.237287,21.247804,21.358699,10.899348,10.824762,10.853638
CD8 HF 5,CD8 HF,9.287967,8.434821,8.599893,8.339118,8.063696,8.539006,17.181243,16.831364,17.401918,11.917727,11.685842,11.90541
CD8 HF 6,CD8 HF,13.124274,12.912704,12.474823,11.561185,11.510296,11.945343,29.388529,29.214462,29.414427,15.749721,15.678558,15.936018
CD8 HF 6,CD8 HF,14.59514,13.396709,12.735834,12.612645,12.484951,12.999575,35.166337,35.201297,35.123137,18.583934,18.981917,19.070229
CD8 HF 6,CD8 HF,11.640854,11.003677,10.766639,10.520719,10.524298,11.082807,27.564699,26.72969,26.577269,13.977203,14.057248,14.069097
CD8 HF 6,CD8 HF,13.258319,12.473799,12.42239,12.663181,11.815785,12.619295,34.722839,34.074294,34.082742,16.997324,16.919643,16.839082
CD8 HF 7,CD8 HF,9.960684,9.429612,9.091694,8.675411,8.351533,8.897409,23.733528,21.971943,22.393583,14.119926,14.341223,14.294477
CD8 HF 7,CD8 HF,9.822455,9.490681,9.341766,8.561894,8.181451,8.669778,22.948677,22.294063,22.312936,13.990069,13.820415,13.951974
CD8 HF 7,CD8 HF,10.461838,9.916105,9.814315,8.566527,8.108185,8.719747,25.898605,24.196464,24.41037,15.384078,15.415827,15.488263
CD8 HF 7,CD8 HF,9.775298,9.099848,9.112261,9.146405,8.36263,8.869379,28.592923,26.813008,27.000841,13.66021,13.753443,13.54193
CD8 HF 7,CD8 HF,10.521406,10.094714,10.367951,10.352787,10.157721,9.976358,22.399747,22.651126,23.178497,12.066963,11.708457,11.770458
CD8 HF 8,CD8 HF,8.323937,8.352493,8.077539,7.629086,7.495122,8.106851,18.809322,17.611633,17.593738,11.483141,11.315745,11.632708
CD8 HF 8,CD8 HF,8.534389,8.555702,7.7791,7.297644,7.119706,7.420437,16.009289,14.941327,15.259651,10.301731,10.469928,10.611075
CD8 HF 8,CD8 HF,8.337043,8.092065,8.109412,8.492509,7.786583,7.749031,24.952437,22.947499,23.195074,12.301827,12.344745,11.989719
CD8 HF 8,CD8 HF,8.581129,8.240213,8.382997,9.332139,8.211588,8.267866,23.99667,23.069694,22.611231,12.293084,12.746436,12.607356
CD8 HF 9,CD8 HF,10.766054,10.279748,9.854126,10.946666,10.311844,10.332918,28.847406,27.27008,26.833107,16.411368,16.418908,16.55338
CD8 HF 9,CD8 HF,17.227729,16.227126,16.119234,17.225665,16.542923,16.592846,45.938915,43.474789,42.99506,21.913281,22.46923,22.326158
CD8 HF 9,CD8 HF,14.835486,14.101392,13.849048,14.438894,13.67049,13.204766,34.729979,34.093297,33.411556,17.829053,17.366446,16.999642
CD8 Lean 010,CD8 Lean,11.644618,10.888513,10.465737,10.805419,10.386958,10.608892,32.930512,31.77352,31.880224,16.776422,17.30001,17.562923
CD8 Lean 010,CD8 Lean,8.189674,7.945843,7.890651,8.017534,7.531547,7.611213,18.9354,18.982434,19.430826,10.965136,11.117011,10.816771
CD8 Lean 010,CD8 Lean,6.708789,6.384021,6.852171,7.629351,7.21987,7.822791,22.210699,21.682243,22.270172,11.957593,12.693964,12.468487
CD8 Lean 1,CD8 Lean,4.2442,4.120167,4.027889,3.690657,3.672793,3.736824,6.838916,6.69443,6.833808,5.568495,5.743576,5.63669
CD8 Lean 1,CD8 Lean,4.24931,4.045902,4.090003,4.340478,3.852047,4.101986,10.583764,10.401352,10.599158,7.488741,7.583776,7.606165
CD8 Lean 1,CD8 Lean,5.096488,4.321546,4.421488,3.88177,3.631941,3.708178,10.950287,9.896978,10.6125,6.335654,6.21488,6.309431
CD8 Lean 1,CD8 Lean,4.55036,4.282817,4.45797,4.297195,3.980021,3.933213,10.075819,9.893469,10.2662,6.291482,6.301764,6.459573
CD8 Lean 2,CD8 Lean,4.646812,4.626257,4.418191,4.522161,4.276334,4.48732,17.788444,17.192184,17.522556,9.068967,8.899007,8.979917
CD8 Lean 2,CD8 Lean,5.172959,4.557033,4.860693,4.57873,4.629786,4.813001,20.933522,19.76923,20.556001,9.682661,9.936878,9.875825
CD8 Lean 2,CD8 Lean,4.274962,4.285445,4.15237,4.875394,4.91378,5.168329,19.55314,18.853326,19.181997,9.991019,9.918613,10.419921
CD8 Lean 2,CD8 Lean,5.3708,4.987655,4.734475,4.159511,4.449105,4.543649,10.803212,10.937053,11.432649,9.43135,9.148024,9.573817
CD8 Lean 3,CD8 Lean,2.8438,2.928057,2.697178,4.018189,3.162551,3.203311,11.635812,10.892236,10.993624,7.743216,7.711762,7.399603
CD8 Lean 3,CD8 Lean,4.929359,4.894806,4.600482,4.751222,4.563985,4.739569,11.892188,11.564008,11.662117,9.278132,8.94875,9.187075
CD8 Lean 3,CD8 Lean,5.063547,4.616221,4.530965,4.192055,4.030382,4.264309,9.991298,9.625242,9.904275,7.792774,7.982298,7.85951
CD8 Lean 3,CD8 Lean,5.236757,5.10159,4.896188,4.551301,4.500612,4.786827,9.068021,9.064338,9.524562,8.141381,7.994097,8.408043
CD8 Lean 5,CD8 Lean,11.545049,10.658858,9.906684,9.721208,9.373724,10.240371,26.447656,25.512443,25.368116,12.98075,13.181064,13.654785
CD8 Lean 5,CD8 Lean,9.230472,8.617477,8.611005,8.343542,8.023016,8.693852,23.016586,21.699956,20.920991,11.551495,11.70391,11.751855
CD8 Lean 5,CD8 Lean,7.995711,8.654981,8.692134,8.328761,8.187224,8.641519,27.318563,25.498135,25.545572,12.723946,13.147388,13.259346
CD8 Lean 5,CD8 Lean,7.956334,7.763782,7.423567,7.682458,7.371481,7.255595,19.193111,18.351119,18.390146,10.632233,10.625917,10.792911
CD8 Lean 6,CD8 Lean,9.526923,9.398065,8.83885,8.751536,9.03247,9.606431,29.10404,28.26284,28.022116,14.225011,14.485317,14.603291
CD8 Lean 6,CD8 Lean,8.300688,7.615541,7.76578,8.057063,8.285595,8.812306,24.954286,24.03312,23.984954,12.70473,12.98395,12.806867
CD8 Lean 6,CD8 Lean,9.003249,9.008248,8.61995,8.754708,8.757219,9.463372,27.679628,26.519692,26.506593,13.468456,13.497651,13.519874
CD8 Lean 6,CD8 Lean,6.667852,6.273244,5.661627,6.06807,6.29894,6.545993,15.297919,14.55411,14.510551,9.246035,9.370751,9.738666
CD8 Lean 7,CD8 Lean,7.587165,6.979881,6.722544,6.828467,6.530841,7.103728,16.956852,15.711155,16.030613,9.287381,9.317248,9.65778
CD8 Lean 7,CD8 Lean,7.909702,7.242603,7.308263,7.422677,7.29297,7.484696,21.335837,20.626986,20.786175,11.224003,11.703645,11.637039
CD8 Lean 7,CD8 Lean,6.390875,6.242764,5.789193,6.871219,6.638511,7.198489,22.847412,21.702214,22.140848,11.183124,11.413583,11.522418
CD8 Lean 7,CD8 Lean,6.750942,6.316971,6.021466,6.561733,6.739149,7.108837,18.641478,17.94472,18.34745,13.225942,13.43943,13.583015
CD8 Lean 7,CD8 Lean,7.690519,6.524518,6.64692,6.168125,6.124065,6.569187,15.839212,15.015743,15.539442,10.621721,10.983855,11.584075
CD8 Lean 8,CD8 Lean,15.547859,14.716022,14.647456,14.116037,14.210977,14.343476,45.534522,43.148895,41.489458,20.045372,20.29513,20.813693
CD8 Lean 8,CD8 Lean,14.165049,14.130956,13.975435,15.113983,14.610819,14.057229,43.216011,43.561076,42.326404,17.650085,17.368498,17.596491
CD8 Lean 8,CD8 Lean,13.480105,12.890836,12.427869,13.244269,12.881673,12.839398,38.623285,37.505155,37.0041,19.230035,19.619402,19.970265
CD8 Lean 8,CD8 Lean,12.791683,12.436418,12.075779,12.74261,12.027661,12.095314,34.206981,34.118691,33.874227,16.34465,16.550879,16.446338
CD8 Lean 9,CD8 Lean,15.713937,14.235685,14.125157,15.256551,14.788333,15.068206,47.9121,45.851784,44.89109,22.083533,22.69477,22.472754
CD8 Lean 9,CD8 Lean,10.69,10.725107,10.456879,11.24425,10.709581,10.999119,30.745663,30.154451,30.01448,15.863541,16.032972,15.792825
CD8 Lean 9,CD8 Lean,13.701212,13.770321,13.857674,15.740667,15.046613,15.082036,48.77264,46.717654,46.177177,22.008513,22.193184,22.538527
CD8 Lean 9,CD8 Lean,13.662495,12.7918,13.037447,13.829153,12.742034,13.239293,39.22912,37.757812,37.347752,19.02256,19.691537,19.629916
